2626.9924,2186.2522,2528.0618,2797.0469,2521.2822,2187.4521,2644.8501,2557.2761,1987.2671,1942.339,2323.9722,2690.9712,2265.8594,2681.6399,2695.7439,2456.6172,2815.5696,2768.012,2404.3228,3263.8149,2204.8728
2598.8208,2685.3645,2017.2708,2111.2439,2248.9648,2623.5208,2640.1104,2634.6982,1989.6244,2029.3445,1977.948,2702.8152,2448.0625,2344.6799,2195.8401,2767.197,2664.8184,2284.4858,2663.6812,3008.2849,3073.8794
2246.6772,2671.3049,2339.7517,2036.3438,2479.0261,2822.5955,2642.4802,2637.0444,2211.2178,1970.557,2639.6021,2605.6938,2782.1016,2007.72,2693.408,2708.8174,2119.7947,2693.2639,2502.4583,3080.2979,2847.3831
2596.4734,2586.948,2718.7256,1956.7626,2699.697,2578.4919,2493.1741,2343.7788,2661.4763,2664.2495,2658.3062,2046.6541,1959.8516,2723.76,2702.752,2237.1096,2047.8978,2709.615,1951.0295,3261.4919,3159.3933
2657.5115,2584.6047,2123.1951,2593.4126,2807.6848,2557.1626,2630.6306,2583.0835,2574.2534,2450.2629,2669.9961,2027.7036,2193.4453,2398.5,2723.7759,2433.2654,2694.9685,2891.8132,2925.3762,1935.059,3018.4109
2119.9053,2558.8291,2605.7395,2270.4062,2622.2273,2478.9546,2640.1104,2625.3137,2593.1123,2748.9036,2677.01,2629.3818,2569.5312,2695.6799,2557.9199,2311.8354,2667.1377,2711.9509,2705.7393,2192.9119,2949.0752
2549.5208,2549.4561,1970.1934,2565.325,2295.9163,2315.429,2459.9951,2622.9675,2758.1287,2807.6912,2796.248,2918.377,2200.4531,2693.3398,2004.288,2725.1638,2674.0955,2709.615,2904.3472,2915.365,3094.6802
2617.6018,2584.6047,2631.6321,2256.3625,2610.4895,2595.0815,2263.2903,2843.5034,2875.9973,2581.947,2625.574,2698.0774,2688.6641,2744.8198,2700.416,2706.4822,2349.4004,2723.6304,2514.1411,1907.183,3087.7466
2554.2161,2816.5864,2638.6938,2701.0813,2810.0325,2820.2256,2436.2957,2571.3528,2635.5452,2389.1243,2833.656,2686.2334,1985.5469,1998.36,2912.9919,2704.147,2697.2878,2702.6074,2334.2258,2638.928,2299.6316
2303.0203,2619.7537,2617.509,2303.175,2612.8372,2552.4226,2407.8564,2641.7366,2022.6277,2690.116,2669.9961,2338.0181,2667.6406,2698.02,2693.408,2680.7952,2671.7761,2709.615,2722.0952,2964.1479,2849.6941
2582.3875,2593.9778,2636.3398,2588.7312,2056.4648,2715.9482,2841.5549,1935.553,2614.3289,2633.6799,2859.374,2916.0083,2431.7109,2468.7,2378.0479,2685.4656,2412.02,2177.0356,2254.7827,3152.311,2188.6946
2493.1777,2479.1584,2636.3398,2598.0938,2582.3188,2606.9312,1981.2677,2292.1641,2576.6108,2556.0806,1928.8501,2695.7087,2216.8047,2457,2700.416,2704.147,2827.1658,2511.0657,2724.4316,1925.767,3083.124
2246.6772,2572.8884,2768.157,2565.325,2582.3188,2580.8618,2651.96,2831.7727,2213.575,2581.947,2733.1221,2707.5527,2840.5,2852.46,2707.4241,2694.8064,2639.3066,2298.501,2722.0952,3068.6829,3263.3967
2507.2634,2596.321,2031.394,2064.4314,2655.0933,2116.354,2649.5901,2695.6975,2494.1025,2784.176,2041.0741,2248.0032,2606.9062,2681.6399,2684.064,1938.2056,2688.011,2648.8823,2705.7393,1995.4569,3307.3093
2554.2161,2586.948,2608.0935,2153.375,2716.1299,2628.2605,1969.418,2627.6599,2644.9746,2337.3911,2901.458,2364.075,2669.9766,2349.3599,2700.416,2692.4712,2771.5039,2646.5464,2726.7683,1923.444,3073.8794
2737.3308,2591.6345,2633.9861,3003.022,2624.575,2621.1509,2682.769,2231.1648,1977.8375,1996.4236,2857.0361,2702.8152,2662.9688,2735.46,2814.8799,2587.3877,1985.2781,2090.6082,2722.0952,3077.9749,3092.3689
2591.7781,2720.5132,2777.5725,2630.8625,2504.8491,2616.4109,2521.6135,2615.9292,2647.332,2092.835,2314.6201,2039.5476,2370.9766,2695.6799,2684.064,2900.3027,2678.7339,2721.2944,2275.8118,3091.9128,3094.6802
2770.1975,2596.321,2615.155,2579.3689,2664.4834,2649.5901,2711.2085,2604.1987,2732.1975,2666.6011,2681.686,2688.6023,2961.9688,2831.3999,2205.1841,2699.4766,2196.3298,2711.9509,2689.3833,3038.4839,3064.6345
2601.1685,2228.4307,2106.718,2626.1814,2598.7517,2614.041,2583.2317,2848.1956,2774.6304,1996.4236,2567.124,2288.2729,2195.7812,2815.0198,2378.0479,2746.1804,2683.3723,2709.615,2904.3472,1935.059,3194.061
2256.0676,2568.2021,2601.0317,2637.8845,2014.2086,2571.3821,2647.2202,2524.4304,1977.8375,2659.5466,2677.01,2700.4463,2714.3594,2318.9399,2585.9519,2697.1416,2681.0532,2732.9739,2717.4221,2968.7939,2815.0264
2265.4583,2533.0532,1951.3623,2555.9626,2333.4773,2000.2272,2637.7402,2810.6577,2807.6335,2685.4131,2408.1401,2653.0701,2170.0859,2691,2186.4958,2907.3083,2634.6682,2704.9434,2116.9255,3098.8818,2366.656
2601.1685,2570.5454,2283.2588,2719.8064,2629.27,2545.3127,2891.3237,2264.0105,2798.2041,2283.3066,2223.438,2987.0728,2151.3984,2693.3398,2508.864,2706.4822,2926.8936,2721.2944,2719.7585,3040.8069,3053.0786
2596.4734,1940.2111,2610.4473,2647.2468,2591.709,2386.5271,2715.9482,2834.1189,1949.5491,2868.8301,2674.6721,2700.4463,2676.9844,2585.7,2684.064,2683.1304,2669.4568,2716.6226,2729.105,2485.6099,3043.834
2359.363,2582.2615,2358.5828,2640.2251,2807.6848,2668.5496,2640.1104,2618.2754,2689.7646,2673.6555,2508.6741,2726.5032,2686.3281,2875.8599,2357.0239,2834.9175,2848.0391,2714.2869,2175.3396,1907.183,3057.7012
2528.3921,2584.6047,2622.2166,1996.5532,2432.0747,2635.3704,2298.8394,2622.9675,2211.2178,2534.917,2503.998,2930.2212,2036.9375,2644.2,2198.176,2687.8008,2674.0955,2896.4851,2729.105,3096.5588,3048.4563
1976.7003,2308.1013,2264.4277,2413.1843,2601.0994,2787.0464,2614.041,2820.0422,2649.6895,2647.7891,1938.202,2096.3992,2807.7969,2698.02,2681.728,2012.9315,2887.4663,2648.8823,2712.749,3061.7139,3043.834
2601.1685,2012.8518,2553.9543,2139.3313,2051.7698,2111.6143,2768.0869,2627.6599,2545.9648,2673.6555,1931.188,2693.3398,2707.3516,2627.8198,2891.968,2468.2932,2367.9543,2707.2791,2820.2307,2420.5659,2412.8796
2596.4734,2537.7397,2596.324,2256.3625,2612.8372,2161.3828,2599.8213,2622.9675,2687.4075,2022.29,2831.3181,2662.5454,1929.4844,2878.2,2887.2959,2573.3765,2880.5085,1973.8145,2708.0759,3175.541,3094.6802
2798.3691,2783.781,2622.2166,2289.1313,2584.6663,2595.0815,2642.4802,2618.2754,2656.7615,2861.7756,1933.526,2134.3,2877.875,2555.2798,2691.072,2699.4766,2305.3347,2732.9739,2058.5115,3075.6519,3101.6135
2429.792,2315.1311,2575.1392,2066.772,2629.27,2538.2029,2417.3362,2843.5034,2878.3547,2720.6855,2686.3621,2709.9216,2667.6406,2829.0598,2677.0559,2047.9594,1982.9589,2293.8293,2836.5867,3115.1428,2650.9321
2742.0261,2582.2615,2351.521,2820.4531,2596.4043,2336.7583,2019.1866,2634.6982,2673.2632,2621.9226,2108.876,2025.3347,2300.8984,2698.02,2343.0081,1973.2334,2676.4146,2707.2791,1997.7609,1918.798,3191.75
2601.1685,2097.2087,2097.3025,2595.7532,2732.5627,2687.509,2642.4802,2491.5847,2644.9746,2657.1951,2859.374,2709.9216,2749.3984,2693.3398,2022.976,2241.78,2286.7805,2905.8286,2722.0952,1909.506,2831.2046
2009.567,2582.2615,2476.2764,2577.0281,2040.0319,2379.417,2640.1104,2662.8518,2652.0469,2767.7156,2249.156,2712.2903,2676.9844,2571.6599,2695.7439,2657.4434,2769.1846,2735.3096,2738.4512,1923.444,3138.5925
2587.0828,2530.71,2513.9385,2766.6189,2601.0994,2621.1509,2846.2949,2571.3528,2218.2898,2626.6255,2658.3062,2115.3496,2235.4922,2901.5999,2896.6399,2005.926,2010.7898,2349.8904,2759.4802,3256.8459,2026.9115
2157.4673,2643.186,2417.4294,2600.4343,2598.7517,2675.6594,2640.1104,2625.3137,2670.9058,2906.4541,2541.406,2714.6592,2828.8203,2683.98,2597.6321,2419.2542,2674.0955,2557.7832,2067.8577,3064.0369,2172.5164
2453.2681,2308.1013,2346.8132,2656.6094,2601.0994,2720.6882,2621.1509,2625.3137,1942.4769,2668.9526,2662.9822,2740.7161,2602.2344,2779.9199,2060.3521,2862.9397,2688.011,2672.241,2315.5334,2016.364,2678.6663
2284.2393,2003.4788,2622.2166,2598.0938,2554.1479,2021.5566,2580.8618,2273.395,2831.2073,2532.5654,2576.4761,2307.2234,1992.5547,2021.7599,2852.2559,2701.8118,2708.884,2447.9971,2675.364,2608.729,3351.2219
2601.1685,2141.7305,2375.0596,2612.1375,2598.7517,2609.301,2623.5208,2761.3889,2640.26,2008.181,2653.6301,2560.6863,2289.2188,2716.74,2345.3438,2033.9482,2671.7761,2917.5078,2724.4316,3038.4839,3090.0576
2544.8254,2427.6069,2292.6741,2031.6626,2612.8372,2521.6135,2836.8152,2634.6982,2550.6797,2657.1951,2609.208,2908.9019,2074.3125,2576.3398,2828.896,2706.4822,2627.7104,2716.6226,2761.8167,3212.709,3351.2219
2584.7351,2453.3828,1989.0243,1954.4219,2601.0994,2580.8618,2204.0417,2158.4348,1949.5491,2661.8979,2871.064,2390.1318,2676.9844,2728.4399,2856.928,1987.2445,2715.8418,2298.501,2345.9084,2578.53,3078.5017
2601.1685,2781.4377,2754.0337,2635.5437,2702.0444,1967.0481,2853.4045,2233.511,2289.011,2372.6633,2286.564,2709.9216,2667.6406,2522.52,2102.3999,2701.8118,2690.3301,2090.6082,2722.0952,2992.0239,3106.2361
2779.5881,2683.0212,2033.7479,2516.1719,2486.0688,2528.7231,2855.7747,2540.8533,2449.3125,2751.2551,2662.9822,2025.3347,2693.3359,2793.96,2686.3999,2596.7285,2217.2031,2408.2871,2455.7271,1904.86,3092.3689
2446.2253,2596.321,2612.8013,2190.825,2702.0444,2609.301,2640.1104,2634.6982,2663.8337,2664.2495,1973.2721,2605.6938,2193.4453,2674.6199,2784.512,2706.4822,2873.5508,2462.0122,2752.4705,3082.6208,3129.3479
2533.0874,2069.0898,2593.9702,2747.8938,2241.9221,2583.2317,2851.0347,2632.3521,2661.4763,2638.3831,2733.1221,1973.2208,2450.3984,2728.4399,2053.344,2732.1692,2690.3301,2695.5999,2701.0662,2936.272,3090.0576
2626.9924,2591.6345,1963.1317,2595.7532,2589.3616,2779.9365,2635.3704,2658.1594,2046.2014,2661.8979,2672.334,2544.1047,2555.5156,2707.3799,2688.7358,2802.2249,2198.6492,2027.5396,2722.0952,3084.9438,3020.7222
2603.5161,2338.5635,2568.0776,2616.8188,2018.9038,2334.3884,2007.337,2465.7773,2413.9519,2659.5466,1996.6521,2638.8572,2875.5391,2705.0398,2884.96,2650.4377,2908.3396,2721.2944,2712.749,3091.9128,3108.5471
2601.1685,1935.5245,2327.9822,2417.8657,2598.7517,2616.4109,2654.3298,2618.2754,2642.6172,2654.8435,2403.4641,2314.3298,1976.2031,2683.98,2674.72,1984.9093,2685.6917,2730.6379,1941.6833,3066.3599,2399.0127
2615.2542,2746.2891,1974.901,2598.0938,2669.1787,1983.6376,2640.1104,2608.8909,2692.1221,2643.0859,2660.644,2695.7087,2665.3047,2798.6399,2046.3359,1942.876,2175.4565,2389.6001,2722.0952,2943.241,3210.2395
2507.2634,2575.2317,2612.8013,2232.9563,2572.9285,2282.2498,2644.8501,2655.8135,2583.6829,2276.252,2106.5381,2811.7805,2896.5625,2683.98,2873.28,2706.4822,2813.2505,2768.012,2495.4487,3073.3289,2711.0229
2540.1304,2582.2615,2742.2644,1942.7188,2584.6663,2701.7288,2540.573,2756.6968,2553.0371,2318.5791,2684.0242,2695.7087,2817.1406,2906.2798,2714.4319,2729.8342,2669.4568,2212.0737,2701.0662,2046.563,3344.2883
2596.4734,2017.5383,2549.2466,2504.4688,2525.9773,2268.03,2621.1509,2585.4297,2397.4502,2487.887,2627.9121,2243.2654,2415.3594,2651.22,2396.7361,2328.1819,2572.0483,2870.7905,2074.8674,3043.1299,1948.3311
2230.2437,2633.813,2610.4473,2579.3689,2204.3613,2806.0059,2635.3704,2012.9751,2432.8108,2600.759,2625.574,2911.2708,2660.6328,2173.8599,2714.4319,2536.0137,2567.4099,2602.1648,2656.6714,1997.7799,2775.7361
2817.1499,2282.3254,2608.0935,1940.3782,2382.7759,2621.1509,2538.2029,1959.0143,2649.6895,2487.887,2660.644,2690.9712,2599.8984,2328.2998,2158.4639,2683.1304,2599.8794,2840.4241,2673.0273,3117.4658,2496.0825
2615.2542,2518.9939,1977.2549,2570.0063,2349.9102,2497.9141,2644.8501,2615.9292,2835.9221,2758.3096,2155.636,2131.9314,2655.9609,2840.76,2826.5601,2897.9675,2711.2034,2877.7981,2579.5649,3122.1118,3085.4353
2798.3691,2593.9778,2546.8926,2413.1843,2598.7517,1983.6376,2760.9771,2594.8142,2133.4243,2654.8435,2221.1001,2709.9216,2742.3906,2003.0399,2665.376,2739.1748,2764.5461,2321.8599,1969.722,3073.3289,2470.6594
2016.6099,2584.6047,2031.394,2614.4783,2805.3372,2113.9841,2647.2202,2632.3521,2774.6304,2668.9526,2653.6301,2700.4463,2553.1797,2384.46,2146.7839,2678.46,2697.2878,2707.2791,2717.4221,3089.5898,3053.0786
2225.5486,2408.8611,2596.324,2541.9187,2655.0933,2628.2605,2637.7402,2245.2415,2642.6172,2556.0806,1919.498,2757.2979,2104.6797,2080.26,2340.6719,2767.197,2880.5085,2165.3562,2203.3784,2450.7649,2114.7366
2584.7351,2052.687,2511.5845,1942.7188,2572.9285,2263.2903,2841.5549,2188.9346,2633.1877,2668.9526,2693.376,2065.6045,2842.8359,2639.52,2293.9519,2388.8967,2701.9263,2912.8362,2423.0151,2130.1909,2884.3621
2211.4626,2797.8406,2624.5706,2593.4126,2457.8979,2751.4973,2611.6711,2630.0061,2642.6172,2217.4646,2681.686,2077.4487,1936.4922,2702.7,2693.408,2468.2932,2463.0437,2732.9739,2892.6643,3103.5278,3085.4353
2357.0154,2242.4902,2575.1392,2347.647,2166.8003,2557.1626,2796.5261,2590.1218,2633.1877,2612.5166,2630.25,2660.1765,2627.9297,2658.24,2723.7759,1994.2501,2425.9355,2655.8899,2666.0176,3147.665,3029.9668
2810.1072,2779.0945,1972.5472,1938.0376,2594.0566,2486.0645,2130.5737,2632.3521,2864.2104,2713.6311,2728.446,2740.7161,2735.3828,2201.9399,1955.2319,2645.7673,2899.0627,2737.6455,1925.3274,2964.1479,2891.2957
2105.8196,2254.2065,2605.7395,2761.9375,1990.733,2142.4233,2412.5962,2371.9324,2647.332,2201.0042,2312.282,2456.4587,2655.9609,2152.7998,2366.3679,2902.6379,2655.5413,1936.4404,1930.0005,3156.957,3318.8652
2819.4976,2582.2615,1998.4398,2139.3313,2302.959,2561.9023,2633.0005,2242.8955,2854.781,2285.658,2445.5481,2120.0872,2835.8281,2134.0798,2695.7439,2372.5505,2511.7478,2693.2639,2682.3735,3068.6829,1911.3521
2634.0352,2739.2593,2346.8132,2471.7,2117.5015,2211.1516,2004.967,2240.5493,2677.9778,2128.1074,2655.968,2570.1616,2263.5234,2066.22,2747.136,2704.147,2655.5413,1931.7687,2549.1895,2190.5889,3096.9912
2629.3401,2233.1172,2360.9365,2766.6189,2533.02,2099.7646,2680.3992,2627.6599,2652.0469,2690.116,2548.4202,2707.5527,2669.9766,2859.48,2714.4319,2694.8064,2868.9124,2665.2334,2016.4534,1976.8729,3244.9072
2014.2622,2591.6345,2085.5332,2570.0063,2256.0076,2625.8906,2616.4109,2646.429,2644.9746,2071.6716,2653.6301,2053.7605,2060.2969,2691,2754.144,1921.8593,2850.3584,2873.1262,2731.4414,1960.6119,2385.1455
2619.9495,2582.2615,2473.9226,2591.072,2622.2273,1986.0076,2822.5955,2681.6208,2409.2371,2111.647,2754.1641,2390.1318,2529.8203,2693.3398,2450.4639,2706.4822,2667.1377,2817.0652,2743.1243,3036.1609,2953.6978
1990.786,1937.8678,2443.3223,2647.2468,1974.3,2623.5208,2137.6836,2843.5034,2772.2729,2066.9685,2562.448,1951.9016,2884.8828,2892.24,2191.168,2914.314,2697.2878,2723.6304,2731.4414,2792.2458,3096.9912
2263.1106,2544.7695,2596.324,2448.2937,2408.5991,2535.833,2687.509,2759.043,2798.2041,2243.3311,2190.7061,2690.9712,1938.8281,2569.3198,2602.304,2596.7285,2799.335,2697.9355,2233.7537,3091.9128,2646.3098
2166.8579,2563.5156,2714.0178,2506.8093,2612.8372,2019.1866,2642.4802,2292.1641,2076.8474,2099.8896,2466.5901,2674.3894,2676.9844,2721.4199,2359.3599,2692.4712,2662.499,2408.2871,2355.2549,3071.0059,2743.3796
2643.4258,2753.3188,2591.6162,1959.1031,2032.9891,2505.0239,2289.3596,2693.3513,2649.6895,2325.6335,2651.292,2705.1838,2768.0859,2691,2410.752,2629.4211,2676.4146,2709.615,2021.1265,2550.6541,3087.7466
2645.7734,2577.575,2648.1094,2754.9158,2612.8372,2718.3181,2455.2551,2620.6216,2668.5483,2659.5466,2669.9961,2880.4761,2027.5938,2683.98,2202.8479,2223.0984,2465.3628,2709.615,2733.7781,2599.437,3066.9458
1981.3955,2699.4241,2233.8274,2586.3906,2626.9226,2822.5955,2441.0356,2468.1233,2656.7615,2854.7209,2013.0181,2655.439,2653.625,1981.98,2656.032,1968.563,2692.6494,2910.5002,2109.9158,3071.0059,3025.3445
2629.3401,2561.1724,2603.3857,1933.3563,2469.6357,2284.6196,2561.9023,2672.2363,2581.3254,2219.8159,2782.22,2129.5625,2705.0156,2693.3398,2791.52,2764.8618,2606.8372,2205.0659,2897.3374,1951.3199,2031.5338
2610.5591,2279.9822,2692.833,2593.4126,2683.2639,2369.9375,2623.5208,2622.9675,2001.4113,2302.1187,2705.0662,2733.6096,2667.6406,2763.5398,2698.0801,2676.1248,2697.2878,2025.2036,2696.3931,2490.2559,3094.6802
2340.582,2589.2913,2603.3857,2593.4126,2429.7273,2424.446,2734.9077,1954.322,2826.4924,2628.9771,2632.5881,2259.8472,2001.8984,2332.98,2709.76,2655.1082,2669.4568,2718.9585,2694.0564,3050.0989,1943.7087
2544.8254,2570.5454,2295.0281,2785.3438,2084.6355,2782.3066,2656.7,1947.2837,2791.1318,2687.7646,2258.5081,2210.1021,2686.3281,2396.1599,1938.88,1942.876,2783.1001,2711.9509,1981.4049,3282.3989,3115.4807
2591.7781,2549.4561,2455.0916,2342.9658,2587.0139,2637.7402,2640.1104,2317.9714,2637.9026,2243.3311,2665.3201,2437.5081,2209.7969,2833.74,2375.7119,2552.3599,2671.7761,2721.2944,2724.4316,3066.3599,3080.813
2779.5881,2577.575,2775.2185,2574.6875,2622.2273,2618.7808,2663.8096,2172.5117,2444.5977,2666.6011,2097.186,2897.0579,2681.6562,1977.2999,2686.3999,1917.1888,2685.6917,2714.2869,2689.3833,3082.6208,3191.75
2211.4626,2282.3254,2619.8628,2118.2656,2577.6238,2433.9258,2026.2965,2573.699,2668.5483,2864.127,2672.334,2008.7531,1931.8203,2903.9399,2698.0801,1935.8704,2303.0154,2714.2869,1958.0393,2130.1909,3087.7466
2584.7351,2591.6345,1944.3007,2553.6218,2598.7517,2618.7808,2824.9653,2620.6216,2666.1909,2678.3586,2667.658,2148.5129,2716.6953,2672.2798,2884.96,2830.2471,2674.0955,1976.1503,2724.4316,2996.6699,3025.3445
2448.573,2467.4424,1946.6545,2160.397,2594.0566,2810.7458,2310.689,2325.0098,2689.7646,2640.7346,2648.9541,2811.7805,2648.9531,2679.2998,2709.76,2900.3027,2889.7856,2952.5461,2719.7585,1965.2579,3120.103
2580.0398,2268.2661,2622.2166,2342.9658,2117.5015,2770.4568,2026.2965,2634.6982,2795.8467,2074.0229,2062.116,2707.5527,2707.3516,2010.0599,2695.7439,1931.2,2033.9823,2702.6074,2722.0952,2515.8088,3096.9912
2596.4734,2769.7214,1960.7778,2588.7312,2399.2087,2616.4109,2675.6594,2618.2754,2694.4795,2659.5466,2646.616,2695.7087,2256.5156,2569.3198,2887.2959,2456.6172,2868.9124,2761.0044,2359.928,2971.1169,2828.8936
2805.4119,2528.3667,1963.1317,2665.9719,2523.6296,2606.9312,2659.0698,2622.9675,2496.46,2687.7646,2852.3601,2695.7087,2674.6484,2208.96,2684.064,2155.3779,2623.0718,2494.7146,2726.7683,3059.3909,2979.1206
2098.7769,2235.4604,2648.1094,2579.3689,2483.7212,2829.7053,2386.5271,2637.0444,2666.1909,1989.369,2786.896,2724.1345,2452.7344,2896.9199,2700.416,2360.8748,2089.6443,2704.9434,1925.3274,2162.7129,3196.3723
2603.5161,2193.282,2584.5547,2307.8562,2587.0139,2609.301,2227.7412,2564.3145,2677.9778,2363.2576,2662.9822,2193.5205,2139.7188,2693.3398,2688.7358,1924.1945,2681.0532,2099.9517,2757.1436,3263.8149,2872.8062
2720.8975,2577.575,2721.0793,2523.1938,2584.6663,2035.7762,2642.4802,2620.6216,2677.9778,2657.1951,2333.324,2707.5527,2665.3047,2351.7,2574.272,2059.6353,2790.0579,2924.5156,2158.9836,3066.3599,2653.2432
2601.1685,2465.0991,2584.5547,2120.6062,2619.8799,2628.2605,2656.7,2073.9744,2357.375,2866.4785,2819.6282,2849.6814,2683.9922,2698.02,2093.0559,2517.332,2685.6917,2039.2189,2717.4221,3036.1609,2861.2502
1976.7003,2586.948,2431.5527,2600.4343,2594.0566,2123.4639,2606.9312,2404.7781,2340.8733,2671.304,1994.3141,2705.1838,2693.3359,2651.22,2691.072,1935.8704,2882.8279,2567.1267,2726.7683,2062.824,2373.5896
2589.4304,2186.2522,2064.3484,2605.1157,2000.1233,2557.1626,2661.4397,2608.8909,2640.26,2370.312,2363.7183,2072.7109,2422.3672,2716.74,2660.7039,2713.4878,2683.3723,2763.3401,2521.1509,3068.6829,3325.7988
2807.7595,2486.1882,2655.1709,2598.0938,1974.3,2585.6018,2450.5154,2132.6274,2746.3418,2102.241,2536.73,1975.5897,2317.25,2389.1399,2684.064,2708.8174,2662.499,2917.5078,2177.6763,3242.908,3106.2361
2594.1257,2451.0396,2598.678,1961.4438,2802.9897,2772.8267,2647.2202,2618.2754,2043.844,2179.8406,2045.75,2487.2532,2448.0625,2714.3999,2691.072,2909.6436,2008.4706,2711.9509,2729.105,3050.0989,2019.9779
2605.8638,2722.8564,2601.0317,2595.7532,2150.3672,2329.6484,2161.3828,1984.8217,2326.729,2640.7346,2055.1021,2837.8374,2674.6484,2698.02,2681.728,2701.8118,2694.9685,2674.5769,2469.7463,3068.6829,2782.6697
2528.3921,2547.1128,2608.0935,2586.3906,2061.1599,2687.509,2659.0698,2142.012,2142.8538,1975.26,2604.532,2110.6121,2674.6484,2735.46,1955.2319,2540.6838,2516.3865,2718.9585,2710.4124,3068.6829,3101.6135
2331.1917,2338.5635,2575.1392,2595.7532,2084.6355,2317.7988,2775.1968,2393.0474,2180.5718,2654.8435,2022.37,2553.5798,2824.1484,2688.6599,2429.4399,2837.2527,2650.9028,2728.302,2278.1484,3057.0679,2995.2991
2101.1245,1984.7328,2535.1233,2310.197,2812.3799,2303.5791,2666.1797,1980.1294,2006.1261,2678.3586,2660.644,2747.8225,2676.9844,2010.0599,2153.792,2699.4766,2822.5273,2725.9661,2733.7781,2216.1418,3002.2327
2591.7781,2584.6047,2285.6125,2588.7312,2601.0994,2782.3066,2846.2949,2648.7749,2576.6108,2177.489,2246.8181,2695.7087,2223.8125,2630.1599,2674.72,2624.7507,2674.0955,2714.2869,2733.7781,2146.4519,3060.0122
2427.4443,2444.0098,1989.0243,2317.2188,2312.3491,2618.7808,1978.8977,2388.3552,2652.0469,2198.6526,2618.5601,2603.325,1999.5625,2192.5798,2114.0801,2697.1416,2282.1421,2356.8977,2831.9136,3031.5149,3092.3689
2502.5684,2441.6665,2391.5371,2572.3469,2579.9712,2661.4397,2836.8152,2608.8909,2663.8337,2676.0071,2871.064,2636.4883,2648.9531,2698.02,2698.0801,2122.6853,2038.6208,2849.7676,2871.6353,3073.3289,3138.5925
2490.8301,1996.449,2610.4473,2221.2532,1995.4282,2547.6826,2614.041,2658.1594,2835.9221,2048.1565,1954.568,2714.6592,2118.6953,2583.3599,2635.0081,2669.1191,2669.4568,2363.9053,2163.6567,3036.1609,3064.6345
2676.2925,2589.2913,2377.4136,2687.0376,2589.3616,2687.509,2244.3308,2505.6614,2680.3352,2654.8435,2031.722,2705.1838,1969.1953,2672.2798,2557.9199,1973.2334,2669.4568,2718.9585,2261.7925,3094.2358,3372.0225
2432.1394,2017.5383,2589.2625,2621.5,2481.3735,2635.3704,2661.4397,2327.356,2673.2632,2139.865,2064.4541,2892.3201,2679.3203,2569.3198,2167.8079,1954.5519,2683.3723,2901.1567,2000.0974,3073.3289,3254.1521
2601.1685,2589.2913,2452.7375,2591.072,2582.3188,2839.1851,2576.1221,2634.6982,2435.1682,2541.9714,2618.5601,2707.5527,2709.6875,2138.76,1929.536,2809.2305,2697.2878,2174.6997,2771.1631,2692.3569,2493.7712
1997.8289,2118.2981,2509.2307,2750.2344,2748.9958,2540.573,2670.9194,2620.6216,2640.26,2795.9336,2658.3062,2735.9785,2585.8828,2709.72,1964.5759,1921.8593,2020.0669,2707.2791,2722.0952,2381.075,2576.9741
2455.6157,2336.2202,2598.678,2591.072,2591.709,2775.1968,2587.9717,2630.0061,2817.063,2638.3831,2567.124,2555.9487,2676.9844,2700.3599,2651.3599,2904.9731,2699.6072,2730.6379,2719.7585,3138.373,2334.2993
2723.2451,2500.2478,2610.4473,2204.8689,2596.4043,2433.9258,2640.1104,2620.6216,2654.4041,2358.5544,2698.052,2101.1367,2013.5781,2721.4199,2004.288,2655.1082,2704.2456,2915.1721,2364.6011,2053.532,3129.3479
2575.3447,2050.3438,2612.8013,2097.2,2464.9407,2199.302,2241.9607,2726.197,2347.9453,2645.4375,2662.9822,2705.1838,1931.8203,2709.72,2712.0959,2325.8467,2507.1094,2711.9509,1904.2983,3256.8459,2505.3271
2612.9067,2619.7537,2593.9702,2588.7312,2594.0566,2763.3469,1964.6781,2730.8894,2154.6406,2492.5901,2700.3901,2719.3967,2382.6562,2536.5598,2681.728,2001.2556,2766.8655,2758.6685,2266.4656,2353.199,3395.1345
2347.625,2598.6643,2815.2344,2584.05,1988.3855,2621.1509,2343.8682,2615.9292,1940.1195,2654.8435,2627.9121,2707.5527,2716.6953,2672.2798,2116.416,2767.197,2541.8982,2149.0051,2373.9475,3080.2979,2523.8167
2695.0735,2591.6345,2702.2483,2544.2595,2502.5017,2251.4404,2806.0059,2630.0061,2913.7153,1968.2056,2034.0601,1985.0649,2702.6797,2859.48,2679.3918,2054.9648,2683.3723,2483.0352,2873.9717,2455.4109,2630.1313
2598.8208,2509.6208,2000.7937,2551.2812,2396.8613,2633.0005,2559.5325,2322.6636,2043.844,2149.271,2662.9822,2709.9216,2109.3516,2688.6599,2261.248,2748.5156,2899.0627,2716.6226,2712.749,3073.3289,3048.4563
2793.6738,2584.6047,2605.7395,2069.1125,2594.0566,2609.301,2106.8743,2855.2339,2647.332,2607.8135,2674.6721,2664.9141,2676.9844,2314.26,2828.896,2183.4001,2688.011,2753.9966,2493.1121,2929.303,2699.467
2605.8638,2336.2202,2608.0935,2574.6875,2629.27,2377.0471,2637.7402,2641.7366,2538.8928,2661.8979,2211.748,2686.2334,2833.4922,2555.2798,2083.7119,2678.46,2309.9731,2728.302,2724.4316,3073.3289,3120.103
2300.6726,1942.5543,2619.8628,2118.2656,2589.3616,2403.1167,2813.1157,2674.5823,2454.0273,2631.3286,2522.7021,2906.533,2765.75,2527.2,2838.24,1994.2501,2692.6494,2704.9434,2768.8264,2964.1479,2572.3518
2598.8208,2708.7971,2259.72,2055.0688,2631.6177,2014.4468,2635.3704,2592.468,2644.9746,2654.8435,2090.1721,2705.1838,2632.6016,2194.9199,2380.384,2440.2708,2226.48,2922.1797,2813.2212,2007.072,3212.5505
2807.7595,2432.2935,2638.6938,2572.3469,2594.0566,1983.6376,2559.5325,2695.6975,2609.614,2320.9304,2632.5881,2361.7061,1929.4844,2059.2,2686.3999,2683.1304,2667.1377,2396.6077,2705.7393,3050.0989,3023.0332
2488.4824,2579.9182,2596.324,2790.0251,2603.4468,2739.6477,2633.0005,2622.9675,2562.4666,2541.9714,2541.406,2662.5454,2870.8672,2810.3398,2436.448,2239.4448,2595.241,2039.2189,2712.749,2810.8298,3323.4875
1950.8763,2568.2021,2619.8628,2574.6875,2239.5747,2654.3298,2313.0588,2454.0466,1940.1195,2666.6011,2688.7,2615.1689,2658.2969,2117.7,2583.616,2699.4766,2692.6494,2847.4316,2705.7393,3187.156,2230.2959
2596.4734,2528.3667,2605.7395,2347.647,2598.7517,2770.4568,2848.6648,2611.2371,2206.5029,2057.5625,2335.6621,2356.9685,2681.6562,2480.3999,2691.072,2704.147,2683.3723,2716.6226,2112.2524,3082.6208,3115.4807
2028.348,2380.7422,2662.2324,2605.1157,2596.4043,2614.041,2263.2903,2224.1265,2491.7454,2673.6555,2658.3062,2825.9934,1950.5078,2686.3198,2639.6799,2274.4727,2551.175,2725.9661,2684.7102,2648.22,3323.4875
2049.4766,2029.2545,2643.4016,2595.7532,2298.2637,2599.8213,2851.0347,2615.9292,2626.1157,2544.323,2188.3682,2567.7927,2104.6797,2435.9399,2709.76,2806.8953,2405.0623,2758.6685,2710.4124,3208.063,3036.9004
2551.8684,2148.7603,2247.9504,2602.7751,2525.9773,2820.2256,2246.7007,2630.0061,2873.6399,2652.4919,2398.7881,2923.1147,2786.7734,2868.8398,2445.792,2676.1248,2681.0532,2550.7756,2829.5771,3066.3599,2244.1631
2601.1685,2631.4697,2488.0459,2609.7969,2598.7517,2016.8168,2467.1047,2618.2754,2331.4438,2659.5466,2639.6021,2707.5527,2672.3125,2075.5798,2090.72,2711.1526,2632.3489,2889.4775,2016.4534,2346.23,2031.5338
2561.2588,2561.1724,2735.2026,2628.522,2563.5383,2595.0815,2734.9077,2477.5078,2192.3586,2619.571,2569.4622,2681.4958,2632.6016,2630.1599,1973.9199,2423.9246,2641.626,2665.2334,2151.9739,2471.6719,2050.0234
2582.3875,2603.3508,2603.3857,2586.3906,2591.709,2429.1858,2637.7402,2726.197,2677.9778,2664.2495,2433.8582,2013.4907,2462.0781,2655.8999,2702.752,2753.186,2657.8606,2896.4851,2271.1387,3066.3599,3159.3933
2310.063,2788.4675,2426.845,2651.9282,2791.252,2616.4109,2635.3704,2597.1602,1963.6932,2774.77,2667.658,2660.1765,2370.9766,2878.2,2681.728,1935.8704,2688.011,2034.5471,2144.9644,3177.864,3177.8828
2608.2114,2071.4331,2570.4314,2577.0281,2467.2883,2564.2722,2429.1858,2815.3499,2652.0469,2850.0181,2307.606,2698.0774,1934.1562,2578.6799,2898.9761,2500.9858,2112.8369,2880.134,2357.5913,2295.124,3166.3269
2488.4824,2570.5454,1986.6704,2797.0469,2232.532,2002.5972,2625.8906,2625.3137,2652.0469,2671.304,2588.166,2006.3843,1927.1484,2847.7798,2698.0801,2930.6602,2277.5037,2667.5693,2710.4124,3103.5278,3136.2815
1939.1383,2488.5315,1949.0084,2722.147,2011.8611,2066.5854,2635.3704,2622.9675,2534.178,2666.6011,2031.722,2454.0898,2856.8516,2246.3999,2726.1121,2699.4766,2690.3301,2592.8213,2369.2744,2353.199,3298.0645
2587.0828,2584.6047,2582.2007,2537.2375,2464.9407,2128.2039,2803.636,2059.8977,1991.9818,2732.4431,2658.3062,2702.8152,2803.125,1967.9399,2100.064,2762.5269,2704.2456,2398.9436,2876.3083,3096.5588,2648.6208
2603.5161,1940.2111,2149.0879,2099.5408,2307.6541,2462.365,2640.1104,1984.8217,2654.4041,2666.6011,1947.5541,2513.3101,2676.9844,2683.98,2403.7439,2718.1582,2664.8184,2707.2791,2689.3833,2964.1479,3189.4387
2598.8208,2101.8953,2779.9263,2588.7312,2683.2639,2687.509,2578.4919,2630.0061,1961.3359,2327.9851,2751.8262,2515.679,2763.4141,2433.5999,2681.728,2269.8022,2741.3535,1929.4327,2084.2136,2422.8889,3140.9038
2051.8242,2556.4858,2349.1672,2743.2126,2551.8005,2604.5613,2125.834,2592.468,2156.998,2422.0449,2363.7183,2345.1245,2015.9141,2393.8198,2611.6479,2676.1248,2630.0295,2882.4697,2687.0469,2534.3931,2186.3833
2605.8638,2739.2593,2612.8013,2331.2625,2748.9958,2604.5613,2490.8042,2618.2754,2652.0469,2652.4919,2754.1641,2707.5527,2789.1094,2864.1599,2667.7119,2713.4878,2704.2456,2905.8286,2705.7393,2401.9819,3124.7256
2587.0828,2570.5454,2031.394,2057.4094,2589.3616,2526.3533,2225.3713,2493.9307,2809.991,2563.135,2672.334,2707.5527,2679.3203,2658.24,2684.064,2694.8064,2706.5649,1915.4175,2656.6714,2160.3899,3189.4387
2645.7734,2577.575,2593.9702,2577.0281,2770.1238,2806.0059,2239.5908,2139.666,2654.4041,2532.5654,2417.4919,1980.3273,2775.0938,2726.0999,2838.24,2876.9509,2699.6072,2431.646,2715.0854,2336.938,3099.3025
2549.5208,1963.6436,2591.6162,2321.9001,1993.0806,2621.1509,2526.3533,2017.6674,2517.6765,2567.8381,2667.658,2766.7729,2354.625,2679.2998,2401.408,2687.8008,2704.2456,2737.6455,2724.4316,2306.739,2992.9878
2699.7688,2069.0898,2610.4473,2591.072,2805.3372,2628.2605,2590.3416,2639.3904,2633.1877,2650.1406,1933.526,2629.3818,2377.9844,2155.1399,2672.384,2830.2471,2595.241,2709.615,2215.061,2302.093,3108.5471
2650.4688,2659.5889,2542.1848,2586.3906,2568.2334,2789.4163,1974.1578,2712.1204,2805.2761,2864.127,1966.2581,2150.8818,2669.9766,2337.6599,2777.5039,2615.4099,2667.1377,2405.9512,2808.5481,2910.719,3034.5891
2615.2542,2324.5042,2593.9702,1940.3782,2241.9221,2770.4568,2637.7402,2472.8157,2607.2566,2224.519,2709.7422,2690.9712,2856.8516,2683.98,2679.3918,2690.136,2326.2078,1934.1045,2511.8047,2543.6851,2685.5999
1939.1383,2537.7397,2443.3223,2548.9407,2260.7026,2559.5325,2633.0005,2763.7351,1975.4802,2861.7756,2847.6841,2873.3696,1966.8594,2812.6799,2032.3199,2818.5713,2006.1514,2798.3782,2698.7295,2534.3931,2768.8027
2615.2542,2563.5156,2513.9385,2584.05,2587.0139,2810.7458,2635.3704,2770.7734,2022.6277,2650.1406,2008.342,2049.0229,2686.3281,2592.72,2387.3918,2547.6895,2694.9685,2849.7676,2796.8652,2994.3469,2336.6106
2594.1257,2591.6345,2546.8926,2567.6658,2192.6235,2614.041,1959.9382,2627.6599,2644.9746,2591.353,1956.906,2672.0205,1969.1953,2721.4199,2889.6318,2244.1152,2681.0532,2697.9355,2698.7295,2766.6929,3335.0435
2594.1257,2596.321,1941.9468,2284.45,2598.7517,2623.5208,2633.0005,2630.0061,2416.3093,2109.2954,2861.7122,2835.4688,2625.5938,2688.6599,2205.1841,2386.5615,2697.2878,2721.2944,2715.0854,3212.709,2174.8274
2706.8115,2434.6367,2763.4492,2499.7876,2711.4348,2647.2202,2637.7402,2564.3145,2661.4763,2871.1816,2613.884,2653.0701,2651.2891,2576.3398,2684.064,2746.1804,2938.49,2887.1416,2060.8481,3071.0059,3120.103
2324.1487,2237.8037,2528.0618,2532.5564,1946.1294,2616.4109,2642.4802,2796.5808,2661.4763,2652.4919,2833.656,2690.9712,2667.6406,2726.0999,2868.6079,2638.7617,2697.2878,2849.7676,2299.1775,1911.829,2248.7854
2605.8638,2584.6047,2584.5547,1940.3782,2601.0994,2597.4514,2670.9194,2174.8577,2630.8303,2208.0586,2620.8979,2693.3398,1957.5156,2693.3398,2693.408,2692.4712,2657.8606,2027.5396,2705.7393,3084.9438,3115.4807
2612.9067,2514.3074,2775.2185,1938.0376,2603.4468,2806.0059,2095.0247,2017.6674,2633.1877,1968.2056,2669.9961,2700.4463,2733.0469,2676.96,2251.9041,2725.1638,2718.1611,2700.2715,2060.8481,3057.0679,3205.6172
2596.4734,2807.2136,2603.3857,2565.325,2493.1113,2391.2666,2396.0068,2625.3137,2402.1653,2852.3696,2688.7,2082.1863,2676.9844,2325.96,2515.8721,2774.2026,2472.3206,2702.6074,2708.0759,3242.908,3101.6135
2061.2148,2465.0991,2596.324,2012.9375,2345.2151,2007.337,2571.3821,2632.3521,2887.7842,2845.3149,2667.658,2494.3596,2812.4688,1953.8999,2772.832,2554.6951,2896.7434,2438.6536,2619.2864,2241.6951,3078.5017
2108.1672,2579.9182,2518.6462,2136.9907,2582.3188,2512.1335,1950.4585,2106.8201,2824.1353,2245.6826,1970.9341,2643.5947,2655.9609,2106,2705.0879,2040.9539,2685.6917,2120.9746,2705.7393,3105.8508,2757.2466
2260.7629,2376.0557,2596.324,2771.3,2584.6663,2789.4163,1967.0481,2106.8201,2312.5847,2861.7756,2574.1382,2584.3745,2676.9844,2681.6399,2179.488,2909.6436,2590.6023,2331.2034,2715.0854,2434.5039,2870.4949
2542.4778,2507.2776,2149.0879,2717.4656,2389.8186,2298.8394,2633.0005,2526.7766,2331.4438,2673.6555,1931.188,2878.1072,2674.6484,2829.0598,2688.7358,2886.2917,2170.8181,2891.8132,2880.9814,2357.845,3281.8862
2758.4595,2591.6345,2012.5631,1947.4,2579.9712,2602.1914,2618.7808,2273.395,2689.7646,2668.9526,2674.6721,2707.5527,2214.4688,2700.3599,2842.9119,2673.7896,2521.0249,2109.2952,2694.0564,2065.147,3066.9458
2591.7781,2481.5017,1965.4856,2464.6782,2037.6843,2332.0183,2824.9653,2057.5515,2699.1943,2650.1406,1933.526,2707.5527,2128.0391,2756.52,2817.2161,2104.0039,2878.1895,2690.928,2039.819,3075.6519,3066.9458
2509.6111,2617.4104,2716.3716,1954.4219,2598.7517,2609.301,2659.0698,2622.9675,2760.4861,2673.6555,2754.1641,2707.5527,2490.1094,2517.8398,2001.952,2928.325,2249.6726,2744.6531,2806.2114,3075.6519,2523.8167
2777.2405,2547.1128,2812.8806,2174.4407,2575.2761,2635.3704,2675.6594,1989.5139,2555.3943,1968.2056,2076.144,2264.5847,2676.9844,2274.48,2677.0559,2227.7688,2769.1846,2644.2104,2701.0662,2202.2039,3307.3093
2617.6018,2793.1541,2212.6423,1949.7407,2697.3494,2621.1509,2640.1104,2451.7004,2430.4536,2003.478,1933.526,2698.0774,2662.9688,2700.3599,1948.224,2711.1526,2182.4143,2716.6226,1944.0199,2871.228,1962.1982
2603.5161,2535.3965,2664.5864,2572.3469,2394.5139,2611.6711,2744.3875,2651.1211,2701.5518,1939.9875,2648.9541,2271.6912,1987.8828,2337.6599,2319.6479,2914.314,2655.5413,2599.8289,2710.4124,3096.5588,3140.9038
2814.8025,2411.2043,2591.6162,1947.4,2579.9712,2049.9958,2625.8906,2095.0896,2873.6399,2412.6389,2880.416,2681.4958,2641.9453,2632.5,1955.2319,2554.6951,2861.9546,2321.8599,2708.0759,3168.572,2119.3589
2587.0828,2725.1997,2829.3577,2628.522,2601.0994,2720.6882,2666.1797,2660.5056,2828.8499,2683.0615,2641.9402,2854.4192,2875.5391,2096.6399,2114.0801,2734.5044,2671.7761,2714.2869,2065.5212,3066.3599,3032.2781
2641.0781,2790.8108,2539.8311,1947.4,2133.9343,2393.6367,2263.2903,2637.0444,2894.8564,2311.5244,2335.6621,2364.075,2686.3281,2698.02,2018.304,2351.5337,2187.0527,2674.5769,2553.8628,3068.6829,3096.9912
2584.7351,2584.6047,2805.8188,1940.3782,2601.0994,2329.6484,2649.5901,2517.3921,2621.4009,2520.8081,1961.582,2802.3052,2359.2969,2676.96,2013.632,2552.3599,2402.7432,2735.3096,2140.2913,2376.429,2912.0962
2131.6436,2029.2545,2617.509,2242.3188,2584.6663,2116.354,2628.2605,2794.2346,2800.5613,2659.5466,2665.3201,1961.3768,2669.9766,2080.26,2670.0479,2300.1597,2409.7009,2240.1042,2053.8384,2708.6179,1962.1982
2204.4199,2005.822,2601.0317,1926.3345,2596.4043,2441.0356,1950.4585,2648.7749,2020.2703,1954.0966,2644.2781,2442.2458,2518.1406,2826.72,2611.6479,2461.2876,2685.6917,2919.8438,2923.0396,3138.373,3090.0576
2587.0828,2598.6643,2568.0776,1935.6969,2594.0566,2230.1111,2637.7402,2630.0061,2581.3254,1935.2845,2020.0321,2920.7458,2877.875,2700.3599,2721.4399,2900.3027,2806.2927,2716.6226,2698.7295,3105.8508,2863.5613
2551.8684,2090.179,2582.2007,2258.7031,2436.77,2102.1345,2822.5955,2688.6592,2451.6699,2271.5491,2681.686,2546.4734,2018.25,2784.5999,2314.9761,2725.1638,2588.2832,2707.2791,2025.7996,3068.6829,3341.9771
2014.2622,2568.2021,2092.5947,2188.4844,2164.4526,2223.0012,2829.7053,2622.9675,2668.5483,2864.127,2592.842,2188.7827,2506.4609,2375.0999,2698.0801,2711.1526,2541.8982,2716.6226,2698.7295,2371.783,3281.8862
2584.7351,2331.5337,2596.324,2567.6658,2605.7944,2566.6423,2412.5962,2827.0806,2293.7258,2671.304,2632.5881,2693.3398,2076.6484,2283.8398,2679.3918,2911.9788,2718.1611,2137.3257,2394.9766,3071.0059,2255.719
2603.5161,2380.7422,2674.002,2516.1719,2605.7944,2611.6711,2635.3704,2465.7773,2746.3418,2817.0969,2015.3561,2226.6838,1959.8516,2024.1,2782.176,2704.147,2685.6917,2702.6074,2708.0759,1972.2269,3076.1907
2291.282,2586.948,2758.7415,2502.1282,2000.1233,2787.0464,2867.6243,2622.9675,2916.0728,2673.6555,2845.3462,2004.0154,2691,2063.8799,2691.072,2694.8064,2560.4521,2814.7295,2712.749,3122.1118,2505.3271
2584.7351,2739.2593,2584.5547,2239.9783,2342.8674,2606.9312,2099.7646,2622.9675,2520.0337,2118.7014,2653.6301,2920.7458,2660.6328,2620.7998,2677.0559,2232.4392,2676.4146,2391.936,2747.7974,3033.8379,2838.1382
2220.8533,1982.3895,2000.7937,2392.1187,2587.0139,2452.8853,2637.7402,2815.3499,1991.9818,2671.304,2674.6721,2648.3325,1929.4844,2695.6799,2763.488,2267.467,2910.6589,2714.2869,2637.979,3129.0811,3083.124
2558.9114,2556.4858,2570.4314,2591.072,2075.2454,2635.3704,2633.0005,2632.3521,2708.6238,2614.8679,2686.3621,2792.8301,2226.1484,2391.4797,2702.752,2692.4712,2080.3674,2702.6074,2705.7393,3045.4529,2960.6311
1936.7906,2120.6414,2200.873,2307.8562,1932.0439,1983.6376,1955.1984,2559.6223,2739.2695,2866.4785,2244.48,2913.6394,2123.3672,2686.3198,2866.272,2874.6157,2741.3535,2513.4016,2163.6567,2996.6699,3094.6802
2765.5022,2779.0945,2744.6182,2602.7751,2018.9038,2576.1221,2637.7402,2827.0806,2850.0662,2633.6799,2630.25,2655.439,2873.2031,2683.98,2677.0559,2031.613,2098.9214,2838.0881,2609.9402,3091.9128,3337.3547
2587.0828,2111.2683,2596.324,1933.3563,2246.6174,2787.0464,2635.3704,2615.9292,2190.0012,2650.1406,2796.248,2714.6592,2761.0781,2056.8599,2784.512,2697.1416,2453.7666,2709.615,2824.9041,3073.3289,3101.6135
2589.4304,2624.4399,2278.551,2586.3906,2805.3372,2237.2209,2640.1104,2768.4272,2682.6926,2422.0449,2662.9822,2679.127,2634.9375,2325.96,2116.416,2694.8064,2650.9028,1997.1731,2708.0759,2427.5349,3087.7466
2486.135,2584.6047,2318.5669,2043.3657,2591.709,2746.7576,2640.1104,2020.0135,2171.1423,2699.522,2480.6182,2721.7656,2824.1484,2882.8799,2039.328,2876.9509,2683.3723,2711.9509,2813.2212,3080.2979,3140.9038
2638.7305,2354.9663,2102.0103,2424.8875,2577.6238,2602.1914,2505.0239,2264.0105,2534.178,2777.1216,2660.644,2529.8918,2679.3203,2616.1199,2691.072,2690.136,2667.1377,2707.2791,2757.1436,3071.0059,3094.6802
2612.9067,2551.7993,2214.9963,2581.7095,2601.0994,2559.5325,2635.3704,2604.1987,2545.9648,2845.3149,2868.7261,2667.283,2595.2266,2679.2998,2695.7439,2687.8008,2685.6917,2445.6611,2925.3762,2882.843,2648.6208
2589.4304,1937.8678,2671.6479,2099.5408,2537.7151,2616.4109,1969.418,2660.5056,2842.9941,2339.7424,2674.6721,2707.5527,2606.9062,2847.7798,2244.896,2790.5491,2662.499,2394.272,2764.1533,3163.926,2641.6873
2697.4211,2202.655,2398.5986,2422.5469,2354.6052,2621.1509,1964.6781,2228.8186,2649.6895,2168.083,2852.3601,2695.7087,2669.9766,2695.6799,2730.7839,2734.5044,2474.6399,2950.2102,2191.6956,3191.802,2842.7607
2582.3875,2219.0579,2834.0654,2167.4187,2582.3188,2756.2373,1976.5278,2287.4717,2291.3684,2574.8926,2667.658,2380.6567,2667.6406,2674.6199,2674.72,2697.1416,2432.8933,2896.4851,2523.4873,3068.6829,3090.0576
2439.1824,1963.6436,2391.5371,2558.3032,2596.4043,2426.8159,2635.3704,2615.9292,1966.0507,2668.9526,2665.3201,2612.8003,2681.6562,2700.3599,2686.3999,2650.4377,2124.4331,2312.5164,2044.4921,2069.793,3353.533
1936.7906,2254.2065,2789.3418,2794.7063,2544.7578,2621.1509,2085.5449,2615.9292,2675.6206,2104.5925,1942.8781,2494.3596,2480.7656,2683.98,2882.624,2043.2891,2678.7339,2763.3401,2539.8433,3152.311,3108.5471
2162.1626,2755.6621,2662.2324,2553.6218,1936.7391,2606.9312,1950.4585,2798.927,2444.5977,2546.6746,2653.6301,2269.3225,2399.0078,2676.96,2695.7439,2872.2805,2676.4146,2707.2791,2077.2039,3040.8069,3087.7466
2709.1592,2315.1311,1991.3782,2680.0156,2584.6663,2208.7817,2208.7817,2646.429,2524.7485,2426.748,2674.6721,2695.7087,2672.3125,2316.5999,2684.064,2019.9371,2885.1472,2167.6921,2691.72,2525.1008,2359.7224
2575.3447,2387.772,2222.0579,2591.072,1934.3916,2824.9653,2621.1509,2221.7803,2666.1909,2857.0725,2672.334,2707.5527,2660.6328,2707.3799,2920,2463.6228,2685.6917,2704.9434,2761.8167,3103.5278,3085.4353
2791.3262,2319.8176,2292.6741,2307.8562,2786.5566,2621.1509,2580.8618,2679.2747,2635.5452,2650.1406,2127.5801,2702.8152,2644.2812,1953.8999,2859.2639,2078.3169,2544.2173,2022.8678,2317.8699,1986.1649,2618.5754
2162.1626,2551.7993,2426.845,2616.8188,2467.2883,2611.6711,2320.1687,2625.3137,2647.332,2711.2795,2669.9961,2707.5527,2662.9688,2702.7,2606.9761,2685.4656,2808.6118,2602.1648,2754.8071,3068.6829,3152.4597
2756.1118,2809.5569,2000.7937,2584.05,2594.0566,2004.967,2635.3704,2522.0842,2173.4998,2659.5466,2880.416,2849.6814,2674.6484,2836.0798,2698.0801,2718.1582,2643.9451,2326.5315,2754.8071,3075.6519,2246.4744
2749.0688,2584.6047,2617.509,2562.9844,2587.0139,2317.7988,2843.9248,2770.7734,2149.926,2852.3696,2655.968,2702.8152,2665.3047,2363.3999,2167.8079,2911.9788,2613.7949,2679.2488,2930.0493,2327.646,3325.7988
2234.939,1940.2111,2655.1709,2424.8875,2575.2761,2609.301,2637.7402,2608.8909,1968.4081,2666.6011,2038.7361,1954.2704,2233.1562,2705.0398,2681.728,2349.1987,2780.7808,2805.386,2747.7974,2257.9561,3099.3025
2333.5393,2624.4399,1979.6088,2771.3,2483.7212,2824.9653,1962.3082,2667.5439,2682.6926,2661.8979,2609.208,2714.6592,2149.0625,2676.96,1929.536,2631.7563,2080.3674,2749.325,2663.6812,2190.5889,2979.1206
2805.4119,2579.9182,2610.4473,2249.3406,2032.9891,2824.9653,2180.3425,2665.1978,2647.332,2610.165,2630.25,2371.1814,2681.6562,2896.9199,2560.2559,2407.5781,2170.8181,2688.5923,2215.061,3259.1689,2061.5793
1943.8335,2572.8884,2744.6182,2513.8313,2582.3188,2618.7808,2028.6664,1989.5139,2703.9089,2852.3696,2457.238,2709.9216,2522.8125,2421.8999,2686.3999,2785.8787,2087.3252,2732.9739,2712.749,3089.5898,3073.8794
2061.2148,2540.083,2422.1372,2532.5564,1967.2574,2569.0122,2159.0129,2573.699,2586.0403,2487.887,2821.9661,2108.2432,2639.6094,2613.7798,2635.0081,2346.8633,1978.3203,2700.2715,2140.2913,2769.0159,2872.8062
2197.377,2753.3188,2798.7573,2544.2595,1978.9952,2616.4109,2417.3362,2808.3115,2727.4827,2045.8051,2662.9822,2735.9785,2698.0078,2588.0398,2684.064,2848.9287,2683.3723,2669.9053,2329.5527,2536.7161,3108.5471
2598.8208,1994.1058,2615.155,2595.7532,2781.8616,2824.9653,2670.9194,2648.7749,2241.8635,2645.4375,2578.814,2058.498,1927.1484,2810.3398,2429.4399,2545.3542,2263.5881,2571.7983,2733.7781,2390.3669,2179.4497
2533.0874,2263.5796,2410.3679,2724.4875,2310.0015,2019.1866,2609.301,2681.6208,2654.4041,2464.3721,2641.9402,2027.7036,2667.6406,2674.6199,1987.9359,2692.4712,2771.5039,2924.5156,2838.9233,2690.0339,3346.5996
2617.6018,2024.568,2622.2166,2548.9407,2596.4043,2490.8042,2621.1509,2622.9675,2553.0371,2325.6335,2660.644,2712.2903,2674.6484,2688.6599,2735.4561,2694.8064,2583.6445,2954.8818,2745.4607,3071.0059,3094.6802
2807.7595,2652.5591,2546.8926,2165.0781,2110.4587,2680.3992,2009.7069,2461.085,2562.4666,2650.1406,2312.282,2278.7976,2520.4766,2529.5398,2686.3999,2715.823,2878.1895,2099.9517,2355.2549,3040.8069,2992.9878
2727.9402,2490.8748,2393.8906,2530.2156,2335.8247,2654.3298,2614.041,2622.9675,2501.1748,1942.339,2660.644,2103.5056,2020.5859,1935.1799,2784.512,2669.1191,2683.3723,2744.6531,2885.6545,3077.9749,3073.8794
2814.8025,2179.2224,2629.2783,2581.7095,2589.3616,2621.1509,2227.7412,2620.6216,2677.9778,2842.9636,2885.092,2475.4092,2754.0703,2609.0999,2877.9519,2685.4656,2810.9312,2721.2944,2161.3203,3054.7449,3332.7324
1967.3098,2797.8406,2619.8628,2258.7031,2638.6604,2824.9653,2258.5503,1940.2452,2187.6438,2295.064,2667.658,2681.4958,2076.6484,2707.3799,2317.312,2676.1248,2277.5037,2373.2493,2310.8601,2652.866,2063.8904
1915.662,2209.6848,2518.6462,2567.6658,2551.8005,2564.2722,1990.7474,1912.0918,1968.4081,2614.8679,2611.5461,2027.7036,2779.7656,2641.8599,2644.3521,1900.8425,2122.1138,2060.2417,2493.1121,2778.3079,2403.635
2105.8196,2577.575,2335.0439,2574.6875,2718.4775,2253.8105,2125.834,2622.9675,2001.4113,2306.8215,2660.644,2525.1543,2674.6484,2129.3999,1990.272,2706.4822,2759.9077,2943.2026,2432.3616,1918.798,3080.813
2605.8638,2270.6094,2598.678,2022.3,2486.0688,2635.3704,2843.9248,2273.395,2168.7849,2370.312,2464.252,2146.1443,2648.9531,2272.1399,2434.1121,1975.5686,2688.011,2123.3103,2909.0203,1900.214,2930.5857
2598.8208,2563.5156,2815.2344,2408.5032,2594.0566,2090.2849,2545.3127,2233.511,1966.0507,2198.6526,2784.5581,2695.7087,1980.875,2758.8599,2693.408,2596.7285,2688.011,2735.3096,2911.3567,2169.6819,2574.6628
2239.6343,2622.0967,2770.5107,2612.1375,2730.2153,2478.9546,2417.3362,2627.6599,2343.2307,2668.9526,2623.2361,2887.5825,2135.0469,2698.02,2698.0801,2290.8188,2585.9639,2763.3401,2726.7683,3254.5229,3103.9248
2577.6924,2640.8428,2838.7732,2778.322,2725.52,2476.5847,1952.8285,2658.1594,2597.8271,1939.9875,2852.3601,2034.8099,2698.0078,2583.3599,2695.7439,2697.1416,1913.3813,2756.3325,2128.6084,3068.6829,3110.8584
2589.4304,2481.5017,1972.5472,2574.6875,2378.0808,2621.1509,2211.1516,2409.4702,2765.2007,1947.042,2655.968,2695.7087,2623.2578,1967.9399,1990.272,2699.4766,2599.8794,2777.3555,1953.3662,2585.499,3244.9072
2288.9343,2064.4033,2419.7834,2012.9375,2089.3306,2606.9312,2635.3704,2010.629,2706.2664,2852.3696,1942.8781,2712.2903,2740.0547,2740.1399,2828.896,2036.2834,2483.9167,2742.3174,2887.9912,3054.7449,3085.4353
2603.5161,2631.4697,1963.1317,2197.8469,2596.4043,2661.4397,2836.8152,2702.7358,1991.9818,2236.2766,2478.28,1992.1714,2705.0156,2749.5,2721.4399,2120.3501,2683.3723,2011.1884,2675.364,2065.147,3106.2361
2133.9912,2605.6941,2579.8469,2591.072,2523.6296,2599.8213,2635.3704,2160.781,2112.208,2678.3586,2097.186,2719.3967,2401.3438,2630.1599,2700.416,2505.656,2671.7761,2279.814,2736.1145,3073.3289,2036.1562
2558.9114,1987.076,2452.7375,2593.4126,2502.5017,2599.8213,1990.7474,2669.8901,2578.9683,2654.8435,1952.2301,2664.9141,2413.0234,2187.8999,2665.376,2010.5964,2690.3301,2637.2029,2726.7683,2755.0779,2461.4148
2833.5835,2645.5293,2325.6284,2775.9812,2591.709,2806.0059,2640.1104,2085.7051,2652.0469,2034.0475,2620.8979,2705.1838,2520.4766,2627.8198,1920.192,2699.4766,2727.4382,2805.386,2890.3276,2664.481,3337.3547
2570.6494,2713.4836,1958.424,2579.3689,2598.7517,2585.6018,2272.77,2691.0051,2850.0662,2645.4375,2850.022,2816.5181,2681.6562,2702.7,2700.416,2573.3765,2082.6865,2756.3325,2254.7827,3064.0369,3085.4353
2610.5591,2055.0303,2605.7395,2368.7124,2223.1418,2052.3657,2388.897,2630.0061,2654.4041,2640.7346,2651.292,2693.3398,2866.1953,2763.5398,2681.728,2699.4766,2212.5647,2753.9966,1908.9714,2683.0649,3023.0332
2575.3447,2638.4995,2532.7695,2504.4688,2091.6782,2642.4802,2678.0293,2594.8142,2359.7324,2292.7126,2665.3201,2435.1394,2630.2656,2606.76,2567.2639,2701.8118,2184.7336,2772.6836,2584.238,3066.3599,2567.7292
2068.2576,2024.568,2579.8469,2567.6658,1955.5197,2531.0933,2026.2965,2456.3928,2560.1091,2652.4919,2651.292,1973.2208,2001.8984,2613.7798,2698.0801,2699.4766,2620.7527,2772.6836,2126.2717,2750.4319,2334.2993
2709.1592,2003.4788,1949.0084,2616.8188,1936.7391,2602.1914,2848.6648,2620.6216,2668.5483,2132.8105,2880.416,2096.3992,2856.8516,2534.22,2693.408,2694.8064,2033.9823,2933.8591,2165.9934,2899.104,3277.2639
2443.8777,2622.0967,2591.6162,2577.0281,2756.0383,2614.041,2687.509,2463.4312,2435.1682,2666.6011,2805.6001,2281.1665,2683.9922,2854.7998,2567.2639,2701.8118,2655.5413,2174.6997,2916.0298,2204.5269,3099.3025
2072.9529,2608.0374,2558.6621,2378.0752,2587.0139,2521.6135,2637.7402,2637.0444,2675.6206,2652.4919,2658.3062,2818.887,2891.8906,2889.8999,2702.752,2127.3557,2627.7104,2695.5999,2694.0564,3222.001,3106.2361
1941.4858,2078.4629,2506.8767,2462.3376,2633.9651,1959.9382,1962.3082,2836.4651,2847.709,2012.884,2660.644,2894.689,2702.6797,2688.6599,2543.9041,2085.3223,2683.3723,1990.1655,2252.446,3015.2539,2463.7258
2018.9575,2603.3508,1949.0084,2591.072,2587.0139,2576.1221,2028.6664,2627.6599,2649.6895,2506.699,2807.938,2700.4463,2679.3203,2014.7399,2497.1841,2073.6465,2112.8369,2905.8286,2708.0759,2857.29,3298.0645
2589.4304,2045.6572,2608.0935,2324.2407,2612.8372,2618.7808,2630.6306,2421.2009,2067.4177,1970.557,2667.658,2674.3894,2181.7656,2077.9199,2628,2708.8174,2446.8088,2064.9136,2077.2039,2494.9019,2697.1558
2453.2681,2736.916,2608.0935,2577.0281,2657.4409,2616.4109,2213.5215,2618.2754,2338.5159,2664.2495,2447.886,2624.6443,2667.6406,2117.7,2663.04,2388.8967,2676.4146,2704.9434,2418.342,1928.09,1915.9745
2335.887,2788.4675,2593.9702,2298.4939,2115.1538,2234.8511,2630.6306,2754.3506,2487.0305,2579.5955,2660.644,2911.2708,2784.4375,2686.3198,2702.752,2669.1191,2653.2222,2494.7146,2913.6934,3098.8818,2967.5647
2199.7246,2579.9182,1944.3007,2544.2595,2213.7515,2204.0417,2633.0005,2838.811,2626.1157,2111.647,2864.05,2394.8696,2658.2969,2162.1599,2055.6799,1989.5797,2080.3674,2536.7603,2731.4414,2896.781,2616.2642
2622.2971,2652.5591,2532.7695,2352.3281,2159.7576,2739.6477,1945.7186,2350.8171,2614.3289,2661.8979,2127.5801,2596.2185,2485.4375,2688.6599,2095.3921,2045.6241,2606.8372,2721.2944,2808.5481,2093.0229,3006.855
2211.4626,2608.0374,1960.7778,2752.575,2420.3369,2611.6711,2244.3308,2641.7366,2619.0435,2859.4241,1931.188,1987.4337,2662.9688,2688.6599,2833.5679,2692.4712,2163.8604,2889.4775,2857.6157,2086.054,3335.0435
2608.2114,2015.1951,2593.9702,2579.3689,2547.1055,2609.301,2403.1167,2625.3137,2597.8271,2654.8435,2779.8821,2702.8152,2705.0156,2674.6199,2672.384,2687.8008,2655.5413,2513.4016,2698.7295,3071.0059,2990.6765
2209.1152,2603.3508,2139.6724,2752.575,2582.3188,2047.626,2649.5901,2632.3521,2032.0571,2353.8516,1945.2161,2563.0552,2662.9688,2679.2998,2810.208,2734.5044,2676.4146,2567.1267,2752.4705,1895.568,3090.0576
2453.2681,2387.772,2610.4473,2577.0281,1974.3,2557.1626,2661.4397,2801.2732,2090.9915,2810.0425,2878.0781,2586.7434,2744.7266,2255.76,2824.2239,1933.5352,2490.8745,1945.7839,2698.7295,2508.8398,3272.6416
2000.1765,2732.2295,2400.9524,2429.5688,2582.3188,2616.4109,2635.3704,2407.124,2350.3027,2304.47,2648.9541,2792.8301,2639.6094,2676.96,2611.6479,2869.9453,2664.8184,2532.0886,2775.8362,3066.3599,3323.4875
2596.4734,2640.8428,2798.7573,2602.7751,2584.6663,2730.168,2483.6943,2630.0061,2680.3352,2182.1921,2674.6721,2897.0579,2705.0156,2782.26,2695.7439,2895.6323,2873.5508,2653.554,2859.9524,3105.8508,2946.7642
2549.5208,2617.4104,2149.0879,2118.2656,2371.0381,2604.5613,2630.6306,2606.5447,2663.8337,2621.9226,1935.864,1959.0079,2665.3047,2681.6399,2261.248,2769.5322,2683.3723,2660.5618,2726.7683,2072.116,2405.9463
2497.873,2795.4973,2005.5015,2785.3438,2594.0566,2185.0823,2459.9951,2775.4658,2607.2566,1942.339,1935.864,2482.5156,2669.9766,1993.6799,2705.0879,1940.5408,1999.1936,2564.7908,2430.0249,2248.6641,3080.813
2730.2878,2373.7124,2476.2764,2783.0032,2596.4043,2618.7808,2725.428,2606.5447,2640.26,1954.0966,2693.376,2721.7656,2740.0547,2894.5798,2868.6079,2883.9565,2896.7434,2401.2795,2722.0952,3068.6829,3485.2708
2603.5161,1982.3895,2796.4033,2202.5281,2089.3306,2263.2903,2635.3704,2461.085,2644.9746,2687.7646,1938.202,1975.5897,2838.1641,1979.6399,1952.896,2890.9622,2674.0955,2529.7527,2383.2937,3152.311,2052.3345
2596.4734,2584.6047,2593.9702,2572.3469,2577.6238,2599.8213,2640.1104,2662.8518,2571.896,2661.8979,2655.968,2693.3398,2457.4062,2056.8599,1915.52,2519.6672,1987.5973,2723.6304,2887.9912,3057.0679,1980.6877
2591.7781,2593.9778,2153.7957,2321.9001,2544.7578,2433.9258,2635.3704,2662.8518,2654.4041,2579.5955,1940.54,2700.4463,2702.6797,2665.26,2831.2319,2687.8008,2745.9922,2627.8594,2705.7393,3140.696,2939.8306
2500.2207,2415.8909,2772.8647,2668.3125,2725.52,2540.573,2275.1399,2156.0889,2289.011,2248.0339,2274.874,2683.8647,2314.9141,2691,2574.272,2711.1526,2669.4568,2216.7454,2619.2864,2432.1809,3034.5891
2756.1118,2584.6047,2608.0935,2530.2156,2596.4043,2407.8564,2429.1858,2571.3528,2640.26,2666.6011,1933.526,2721.7656,1973.8672,2700.3599,2684.064,2669.1191,2718.1611,2046.2266,2712.749,3261.4919,3057.7012
2596.4734,2582.2615,2010.2092,2588.7312,2439.1174,2633.0005,2564.2722,2622.9675,2649.6895,2643.0859,2864.05,2700.4463,2646.6172,1935.1799,2674.72,2358.5393,2681.0532,2648.8823,2904.3472,3071.0059,3120.103
2558.9114,2579.9182,2024.3324,2600.4343,2596.4043,2154.2732,2595.0815,2003.5907,1944.8344,2031.696,2314.6201,2366.4438,2842.8359,2127.0598,2686.3999,2697.1416,2681.0532,2426.9741,2637.979,2759.7239,3330.4211
2584.7351,2425.2637,2589.2625,2488.0845,2556.4956,2611.6711,1997.8573,2571.3528,2854.781,2798.2852,2181.354,2707.5527,2251.8438,2688.6599,1927.2,2680.7952,2667.1377,2707.2791,2708.0759,3222.001,2766.4915
2551.8684,2589.2913,2605.7395,2719.8064,2347.5625,2618.7808,2450.5154,2773.1196,2729.8401,2668.9526,2272.5361,2380.6567,2679.3203,2241.72,2684.064,2437.9358,2650.9028,2394.272,2715.0854,3087.2668,3090.0576